transmitter_id,transmitter_codespace,detection_transmittername
10563,A69-1303,A69-1303-10563
10564,A69-1303,A69-1303-10564
56393,A69-1303,A69-1303-56393
10565,A69-1303,A69-1303-10565
10566,A69-1303,A69-1303-10566
10567,A69-1303,A69-1303-10567
10568,A69-1303,A69-1303-10568
10569,A69-1303,A69-1303-10569
10554,A69-1303,A69-1303-10554
10550,A69-1303,A69-1303-10550
10552,A69-1303,A69-1303-10552
10557,A69-1303,A69-1303-10557
10559,A69-1303,A69-1303-10559
10562,A69-1303,A69-1303-10562
10555,A69-1303,A69-1303-10555
10551,A69-1303,A69-1303-10551
58623,A69-1303,A69-1303-58623
58624,A69-1303,A69-1303-58624
58625,A69-1303,A69-1303-58625
58626,A69-1303,A69-1303-58626
58627,A69-1303,A69-1303-58627
58628,A69-1303,A69-1303-58628
58629,A69-1303,A69-1303-58629
58630,A69-1303,A69-1303-58630
58631,A69-1303,A69-1303-58631
58632,A69-1303,A69-1303-58632
58633,A69-1303,A69-1303-58633
58634,A69-1303,A69-1303-58634
58635,A69-1303,A69-1303-58635
58636,A69-1303,A69-1303-58636
58637,A69-1303,A69-1303-58637
58638,A69-1303,A69-1303-58638
58639,A69-1303,A69-1303-58639
58640,A69-1303,A69-1303-58640
58641,A69-1303,A69-1303-58641
58642,A69-1303,A69-1303-58642
58643,A69-1303,A69-1303-58643
58644,A69-1303,A69-1303-58644
58646,A69-1303,A69-1303-58646
58647,A69-1303,A69-1303-58647
58648,A69-1303,A69-1303-58648
26664,A69-9001,A69-9001-26664
26666,A69-9001,A69-9001-26666
26662,A69-9001,A69-9001-26662
26652,A69-9001,A69-9001-26652
24395,A69-9001,A69-9001-24395
24398,A69-9001,A69-9001-24398
24402,A69-9001,A69-9001-24402
24409,A69-9001,A69-9001-24409
24392,A69-9001,A69-9001-24392
24400,A69-9001,A69-9001-24400
24407,A69-9001,A69-9001-24407
24410,A69-9001,A69-9001-24410
26651,A69-9001,A69-9001-26651
26655,A69-9001,A69-9001-26655
26656,A69-9001,A69-9001-26656
26660,A69-9001,A69-9001-26660
26667,A69-9001,A69-9001-26667
26669,A69-9001,A69-9001-26669
24394,A69-9001,A69-9001-24394
26670,A69-9001,A69-9001-26670
24406,A69-9001,A69-9001-24406
24397,A69-9001,A69-9001-24397
24403,A69-9001,A69-9001-24403
24399,A69-9001,A69-9001-24399
24405,A69-9001,A69-9001-24405
26658,A69-9001,A69-9001-26658
24404,A69-9001,A69-9001-24404
24396,A69-9001,A69-9001-24396
24401,A69-9001,A69-9001-24401
24391,A69-9001,A69-9001-24391
24408,A69-9001,A69-9001-24408
50950,A69-1303,A69-1303-50950
50940,A69-1303,A69-1303-50940
11540,A69-9002,A69-9002-11540
11541,A69-9002,A69-9002-11541
11535,A69-9002,A69-9002-11535
11534,A69-9002,A69-9002-11534
7549,A69-9002,A69-9002-7549
7548,A69-9002,A69-9002-7548
11277,A69-9002,A69-9002-11277
11278,A69-9002,A69-9002-11278
7551,A69-9002,A69-9002-7551
7550,A69-9002,A69-9002-7550
26663,A69-9001,A69-9001-26663
26653,A69-9001,A69-9001-26653
26661,A69-9001,A69-9001-26661
26657,A69-9001,A69-9001-26657
26665,A69-9001,A69-9001-26665
26668,A69-9001,A69-9001-26668
26654,A69-9001,A69-9001-26654
26659,A69-9001,A69-9001-26659
11552,A69-9002,A69-9002-11552
11553,A69-9002,A69-9002-11553
11547,A69-9002,A69-9002-11547
11546,A69-9002,A69-9002-11546
11556,A69-9002,A69-9002-11556
11557,A69-9002,A69-9002-11557
11554,A69-9002,A69-9002-11554
11555,A69-9002,A69-9002-11555
11528,A69-9002,A69-9002-11528
11529,A69-9002,A69-9002-11529
11530,A69-9002,A69-9002-11530
11531,A69-9002,A69-9002-11531
11532,A69-9002,A69-9002-11532
11533,A69-9002,A69-9002-11533
11536,A69-9002,A69-9002-11536
11537,A69-9002,A69-9002-11537
11538,A69-9002,A69-9002-11538
11539,A69-9002,A69-9002-11539
11545,A69-9002,A69-9002-11545
11542,A69-9002,A69-9002-11542
11543,A69-9002,A69-9002-11543
11544,A69-9002,A69-9002-11544
11548,A69-9002,A69-9002-11548
11549,A69-9002,A69-9002-11549
56363,A69-1303,A69-1303-56363
56394,A69-1303,A69-1303-56394
56395,A69-1303,A69-1303-56395
56396,A69-1303,A69-1303-56396
56397,A69-1303,A69-1303-56397
56398,A69-1303,A69-1303-56398
56399,A69-1303,A69-1303-56399
56400,A69-1303,A69-1303-56400
56401,A69-1303,A69-1303-56401
56402,A69-1303,A69-1303-56402
56403,A69-1303,A69-1303-56403
56404,A69-1303,A69-1303-56404
56405,A69-1303,A69-1303-56405
56406,A69-1303,A69-1303-56406
56407,A69-1303,A69-1303-56407
56408,A69-1303,A69-1303-56408
56409,A69-1303,A69-1303-56409
56410,A69-1303,A69-1303-56410
56411,A69-1303,A69-1303-56411
56412,A69-1303,A69-1303-56412
56414,A69-1303,A69-1303-56414
56415,A69-1303,A69-1303-56415
56416,A69-1303,A69-1303-56416
56417,A69-1303,A69-1303-56417
56423,A69-1303,A69-1303-56423
56418,A69-1303,A69-1303-56418
56419,A69-1303,A69-1303-56419
56420,A69-1303,A69-1303-56420
56421,A69-1303,A69-1303-56421
56424,A69-1303,A69-1303-56424
56364,A69-1303,A69-1303-56364
56425,A69-1303,A69-1303-56425
56426,A69-1303,A69-1303-56426
56428,A69-1303,A69-1303-56428
56430,A69-1303,A69-1303-56430
56436,A69-1303,A69-1303-56436
56493,A69-1303,A69-1303-56493
56431,A69-1303,A69-1303-56431
56457,A69-1303,A69-1303-56457
56432,A69-1303,A69-1303-56432
56434,A69-1303,A69-1303-56434
56437,A69-1303,A69-1303-56437
56438,A69-1303,A69-1303-56438
56440,A69-1303,A69-1303-56440
56441,A69-1303,A69-1303-56441
56454,A69-1303,A69-1303-56454
56442,A69-1303,A69-1303-56442
56443,A69-1303,A69-1303-56443
56445,A69-1303,A69-1303-56445
56446,A69-1303,A69-1303-56446
56449,A69-1303,A69-1303-56449
56450,A69-1303,A69-1303-56450
56456,A69-1303,A69-1303-56456
56458,A69-1303,A69-1303-56458
56459,A69-1303,A69-1303-56459
56460,A69-1303,A69-1303-56460
56461,A69-1303,A69-1303-56461
56462,A69-1303,A69-1303-56462
56463,A69-1303,A69-1303-56463
56465,A69-1303,A69-1303-56465
56466,A69-1303,A69-1303-56466
56467,A69-1303,A69-1303-56467
56468,A69-1303,A69-1303-56468
56469,A69-1303,A69-1303-56469
56470,A69-1303,A69-1303-56470
56471,A69-1303,A69-1303-56471
56472,A69-1303,A69-1303-56472
56473,A69-1303,A69-1303-56473
56474,A69-1303,A69-1303-56474
56475,A69-1303,A69-1303-56475
56476,A69-1303,A69-1303-56476
56477,A69-1303,A69-1303-56477
56479,A69-1303,A69-1303-56479
56480,A69-1303,A69-1303-56480
56482,A69-1303,A69-1303-56482
56483,A69-1303,A69-1303-56483
56486,A69-1303,A69-1303-56486
56484,A69-1303,A69-1303-56484
56488,A69-1303,A69-1303-56488
56489,A69-1303,A69-1303-56489
56487,A69-1303,A69-1303-56487
56490,A69-1303,A69-1303-56490
56491,A69-1303,A69-1303-56491
56492,A69-1303,A69-1303-56492
56494,A69-1303,A69-1303-56494
56495,A69-1303,A69-1303-56495
56496,A69-1303,A69-1303-56496
56497,A69-1303,A69-1303-56497
56498,A69-1303,A69-1303-56498
56499,A69-1303,A69-1303-56499
56500,A69-1303,A69-1303-56500
56361,A69-1303,A69-1303-56361
32332,A69-1303,A69-1303-32332
32225,A69-1303,A69-1303-32225
30608,A69-1303,A69-1303-30608
32587,A69-1303,A69-1303-32587
32546,A69-1303,A69-1303-32546
30786,A69-1303,A69-1303-30786
30810,A69-1303,A69-1303-30810
30819,A69-1303,A69-1303-30819
30881,A69-1303,A69-1303-30881
30907,A69-1303,A69-1303-30907
30908,A69-1303,A69-1303-30908
30940,A69-1303,A69-1303-30940
30970,A69-1303,A69-1303-30970
30983,A69-1303,A69-1303-30983
31007,A69-1303,A69-1303-31007
31009,A69-1303,A69-1303-31009
31037,A69-1303,A69-1303-31037
32197,A69-1303,A69-1303-32197
32200,A69-1303,A69-1303-32200
32331,A69-1303,A69-1303-32331
32559,A69-1303,A69-1303-32559
32566,A69-1303,A69-1303-32566
1552,A69-1204,A69-1204-1552
1570,A69-1204,A69-1204-1570
1605,A69-1204,A69-1204-1605
3797,A69-1204,A69-1204-3797
3876,A69-1204,A69-1204-3876
3881,A69-1204,A69-1204-3881
3883,A69-1204,A69-1204-3883
18039,A69-1303,A69-1303-18039
18040,A69-1303,A69-1303-18040
18055,A69-1303,A69-1303-18055
18064,A69-1303,A69-1303-18064
18075,A69-1303,A69-1303-18075
18090,A69-1303,A69-1303-18090
18091,A69-1303,A69-1303-18091
18092,A69-1303,A69-1303-18092
18095,A69-1303,A69-1303-18095
18099,A69-1303,A69-1303-18099
18102,A69-1303,A69-1303-18102
18105,A69-1303,A69-1303-18105
18107,A69-1303,A69-1303-18107
18139,A69-1303,A69-1303-18139
18141,A69-1303,A69-1303-18141
18150,A69-1303,A69-1303-18150
3800,A69-1204,A69-1204-3800
19452,A69-1303,A69-1303-19452
3862,A69-1204,A69-1204-3862
18043,A69-1303,A69-1303-18043
18046,A69-1303,A69-1303-18046
18072,A69-1303,A69-1303-18072
18085,A69-1303,A69-1303-18085
18086,A69-1303,A69-1303-18086
18093,A69-1303,A69-1303-18093
18098,A69-1303,A69-1303-18098
18063,A69-1303,A69-1303-18063
18120,A69-1303,A69-1303-18120
18151,A69-1303,A69-1303-18151
18133,A69-1303,A69-1303-18133
18051,A69-1303,A69-1303-18051
18062,A69-1303,A69-1303-18062
18080,A69-1303,A69-1303-18080
18069,A69-1303,A69-1303-18069
18084,A69-1303,A69-1303-18084
18114,A69-1303,A69-1303-18114
18136,A69-1303,A69-1303-18136
18148,A69-1303,A69-1303-18148
18103,A69-1303,A69-1303-18103
18149,A69-1303,A69-1303-18149
18073,A69-1303,A69-1303-18073
18126,A69-1303,A69-1303-18126
18140,A69-1303,A69-1303-18140
18100,A69-1303,A69-1303-18100
18111,A69-1303,A69-1303-18111
18118,A69-1303,A69-1303-18118
18152,A69-1303,A69-1303-18152
18056,A69-1303,A69-1303-18056
18067,A69-1303,A69-1303-18067
18088,A69-1303,A69-1303-18088
18036,A69-1303,A69-1303-18036
18096,A69-1303,A69-1303-18096
18116,A69-1303,A69-1303-18116
18121,A69-1303,A69-1303-18121
18122,A69-1303,A69-1303-18122
18134,A69-1303,A69-1303-18134
18154,A69-1303,A69-1303-18154
18129,A69-1303,A69-1303-18129
18145,A69-1303,A69-1303-18145
18128,A69-1303,A69-1303-18128
18068,A69-1303,A69-1303-18068
18054,A69-1303,A69-1303-18054
18076,A69-1303,A69-1303-18076
18119,A69-1303,A69-1303-18119
18053,A69-1303,A69-1303-18053
18047,A69-1303,A69-1303-18047
18109,A69-1303,A69-1303-18109
18108,A69-1303,A69-1303-18108
18057,A69-1303,A69-1303-18057
18112,A69-1303,A69-1303-18112
18041,A69-1303,A69-1303-18041
18048,A69-1303,A69-1303-18048
18058,A69-1303,A69-1303-18058
18050,A69-1303,A69-1303-18050
18060,A69-1303,A69-1303-18060
18066,A69-1303,A69-1303-18066
18059,A69-1303,A69-1303-18059
18065,A69-1303,A69-1303-18065
18132,A69-1303,A69-1303-18132
18125,A69-1303,A69-1303-18125
18127,A69-1303,A69-1303-18127
18138,A69-1303,A69-1303-18138
18038,A69-1303,A69-1303-18038
18089,A69-1303,A69-1303-18089
18077,A69-1303,A69-1303-18077
18104,A69-1303,A69-1303-18104
18130,A69-1303,A69-1303-18130
18082,A69-1303,A69-1303-18082
18101,A69-1303,A69-1303-18101
18083,A69-1303,A69-1303-18083
18052,A69-1303,A69-1303-18052
18106,A69-1303,A69-1303-18106
18070,A69-1303,A69-1303-18070
18142,A69-1303,A69-1303-18142
18146,A69-1303,A69-1303-18146
18044,A69-1303,A69-1303-18044
18147,A69-1303,A69-1303-18147
18135,A69-1303,A69-1303-18135
18113,A69-1303,A69-1303-18113
18094,A69-1303,A69-1303-18094
18117,A69-1303,A69-1303-18117
18049,A69-1303,A69-1303-18049
18131,A69-1303,A69-1303-18131
18033,A69-1303,A69-1303-18033
18074,A69-1303,A69-1303-18074
19475,A69-1303,A69-1303-19475
19477,A69-1303,A69-1303-19477
1507,A69-1204,A69-1204-1507
1526,A69-1204,A69-1204-1526
1541,A69-1204,A69-1204-1541
1544,A69-1204,A69-1204-1544
1549,A69-1204,A69-1204-1549
1558,A69-1204,A69-1204-1558
1563,A69-1204,A69-1204-1563
1566,A69-1204,A69-1204-1566
1581,A69-1204,A69-1204-1581
1586,A69-1204,A69-1204-1586
1590,A69-1204,A69-1204-1590
1603,A69-1204,A69-1204-1603
3795,A69-1204,A69-1204-3795
3804,A69-1204,A69-1204-3804
3806,A69-1204,A69-1204-3806
3807,A69-1204,A69-1204-3807
3814,A69-1204,A69-1204-3814
3815,A69-1204,A69-1204-3815
3818,A69-1204,A69-1204-3818
3828,A69-1204,A69-1204-3828
3833,A69-1204,A69-1204-3833
3849,A69-1204,A69-1204-3849
3851,A69-1204,A69-1204-3851
3859,A69-1204,A69-1204-3859
3872,A69-1204,A69-1204-3872
3884,A69-1204,A69-1204-3884
3887,A69-1204,A69-1204-3887
18160,A69-1303,A69-1303-18160
18161,A69-1303,A69-1303-18161
18162,A69-1303,A69-1303-18162
18163,A69-1303,A69-1303-18163
18168,A69-1303,A69-1303-18168
18170,A69-1303,A69-1303-18170
18171,A69-1303,A69-1303-18171
19448,A69-1303,A69-1303-19448
19450,A69-1303,A69-1303-19450
19473,A69-1303,A69-1303-19473
19497,A69-1303,A69-1303-19497
19514,A69-1303,A69-1303-19514
19516,A69-1303,A69-1303-19516
1553,A69-1204,A69-1204-1553
1557,A69-1204,A69-1204-1557
19478,A69-1303,A69-1303-19478
1508,A69-1204,A69-1204-1508
1511,A69-1204,A69-1204-1511
1514,A69-1204,A69-1204-1514
1529,A69-1204,A69-1204-1529
1575,A69-1204,A69-1204-1575
1596,A69-1204,A69-1204-1596
3817,A69-1204,A69-1204-3817
3867,A69-1204,A69-1204-3867
18156,A69-1303,A69-1303-18156
18173,A69-1303,A69-1303-18173
19490,A69-1303,A69-1303-19490
3855,A69-1204,A69-1204-3855
3870,A69-1204,A69-1204-3870
1536,A69-1204,A69-1204-1536
1578,A69-1204,A69-1204-1578
3831,A69-1204,A69-1204-3831
3852,A69-1204,A69-1204-3852
3860,A69-1204,A69-1204-3860
1517,A69-1204,A69-1204-1517
1546,A69-1204,A69-1204-1546
3819,A69-1204,A69-1204-3819
3864,A69-1204,A69-1204-3864
3886,A69-1204,A69-1204-3886
19507,A69-1303,A69-1303-19507
19483,A69-1303,A69-1303-19483
3840,A69-1204,A69-1204-3840
3874,A69-1204,A69-1204-3874
18155,A69-1303,A69-1303-18155
3832,A69-1204,A69-1204-3832
19526,A69-1303,A69-1303-19526
1601,A69-1204,A69-1204-1601
19480,A69-1303,A69-1303-19480
2581,A69-1602,A69-1602-2581
2554,A69-1602,A69-1602-2554
2570,A69-1602,A69-1602-2570
2576,A69-1602,A69-1602-2576
2513,A69-1602,A69-1602-2513
2566,A69-1602,A69-1602-2566
2544,A69-1602,A69-1602-2544
2522,A69-1602,A69-1602-2522
2553,A69-1602,A69-1602-2553
2551,A69-1602,A69-1602-2551
2536,A69-1602,A69-1602-2536
2557,A69-1602,A69-1602-2557
2524,A69-1602,A69-1602-2524
2516,A69-1602,A69-1602-2516
2540,A69-1602,A69-1602-2540
2550,A69-1602,A69-1602-2550
2568,A69-1602,A69-1602-2568
56365,A69-1303,A69-1303-56365
33614,A69-1303,A69-1303-33614
33752,A69-1303,A69-1303-33752
33592,A69-1303,A69-1303-33592
33646,A69-1303,A69-1303-33646
63833,A69-1303,A69-1303-63833
63836,A69-1303,A69-1303-63836
42402,A180-1702,A180-1702-42402
42392,A180-1702,A180-1702-42392
42393,A180-1702,A180-1702-42393
42394,A180-1702,A180-1702-42394
42398,A180-1702,A180-1702-42398
42400,A180-1702,A180-1702-42400
42403,A180-1702,A180-1702-42403
42404,A180-1702,A180-1702-42404
42406,A180-1702,A180-1702-42406
42409,A180-1702,A180-1702-42409
42416,A180-1702,A180-1702-42416
42417,A180-1702,A180-1702-42417
42425,A180-1702,A180-1702-42425
42426,A180-1702,A180-1702-42426
42427,A180-1702,A180-1702-42427
42429,A180-1702,A180-1702-42429
42431,A180-1702,A180-1702-42431
42433,A180-1702,A180-1702-42433
42434,A180-1702,A180-1702-42434
42435,A180-1702,A180-1702-42435
42436,A180-1702,A180-1702-42436
42437,A180-1702,A180-1702-42437
42438,A180-1702,A180-1702-42438
42439,A180-1702,A180-1702-42439
42424,A180-1702,A180-1702-42424
42421,A180-1702,A180-1702-42421
34293,A69-1601,A69-1601-34293
34296,A69-1601,A69-1601-34296
34277,A69-1601,A69-1601-34277
34289,A69-1601,A69-1601-34289
34291,A69-1601,A69-1601-34291
34295,A69-1601,A69-1601-34295
34299,A69-1601,A69-1601-34299
34300,A69-1601,A69-1601-34300
34303,A69-1601,A69-1601-34303
34304,A69-1601,A69-1601-34304
34305,A69-1601,A69-1601-34305
34311,A69-1601,A69-1601-34311
34314,A69-1601,A69-1601-34314
34294,A69-1601,A69-1601-34294
35460,A180-1702,A180-1702-35460
34282,A69-1601,A69-1601-34282
34273,A69-1601,A69-1601-34273
35435,A180-1702,A180-1702-35435
35444,A180-1702,A180-1702-35444
35456,A180-1702,A180-1702-35456
35457,A180-1702,A180-1702-35457
35465,A180-1702,A180-1702-35465
35468,A180-1702,A180-1702-35468
35472,A180-1702,A180-1702-35472
34274,A69-1601,A69-1601-34274
34275,A69-1601,A69-1601-34275
34276,A69-1601,A69-1601-34276
34280,A69-1601,A69-1601-34280
34283,A69-1601,A69-1601-34283
34284,A69-1601,A69-1601-34284
34285,A69-1601,A69-1601-34285
34286,A69-1601,A69-1601-34286
34290,A69-1601,A69-1601-34290
34292,A69-1601,A69-1601-34292
34297,A69-1601,A69-1601-34297
34298,A69-1601,A69-1601-34298
34302,A69-1601,A69-1601-34302
34306,A69-1601,A69-1601-34306
34307,A69-1601,A69-1601-34307
34308,A69-1601,A69-1601-34308
34309,A69-1601,A69-1601-34309
34310,A69-1601,A69-1601-34310
34312,A69-1601,A69-1601-34312
34313,A69-1601,A69-1601-34313
34315,A69-1601,A69-1601-34315
34316,A69-1601,A69-1601-34316
34318,A69-1601,A69-1601-34318
34319,A69-1601,A69-1601-34319
34320,A69-1601,A69-1601-34320
34321,A69-1601,A69-1601-34321
35469,A180-1702,A180-1702-35469
35433,A180-1702,A180-1702-35433
35434,A180-1702,A180-1702-35434
35436,A180-1702,A180-1702-35436
35443,A180-1702,A180-1702-35443
35446,A180-1702,A180-1702-35446
35450,A180-1702,A180-1702-35450
35451,A180-1702,A180-1702-35451
35454,A180-1702,A180-1702-35454
35458,A180-1702,A180-1702-35458
35459,A180-1702,A180-1702-35459
35463,A180-1702,A180-1702-35463
35467,A180-1702,A180-1702-35467
35470,A180-1702,A180-1702-35470
35475,A180-1702,A180-1702-35475
35478,A180-1702,A180-1702-35478
35479,A180-1702,A180-1702-35479
22704,A69-1303,A69-1303-22704
22773,A69-1303,A69-1303-22773
23276,A69-1303,A69-1303-23276
23278,A69-1303,A69-1303-23278
19530,A69-1303,A69-1303-19530
22757,A69-1303,A69-1303-22757
19540,A69-1303,A69-1303-19540
22779,A69-1303,A69-1303-22779
22804,A69-1303,A69-1303-22804
22755,A69-1303,A69-1303-22755
22778,A69-1303,A69-1303-22778
22796,A69-1303,A69-1303-22796
22774,A69-1303,A69-1303-22774
22799,A69-1303,A69-1303-22799
22824,A69-1303,A69-1303-22824
22741,A69-1303,A69-1303-22741
22680,A69-1303,A69-1303-22680
19538,A69-1303,A69-1303-19538
22823,A69-1303,A69-1303-22823
22787,A69-1303,A69-1303-22787
22763,A69-1303,A69-1303-22763
22767,A69-1303,A69-1303-22767
22808,A69-1303,A69-1303-22808
22813,A69-1303,A69-1303-22813
23281,A69-1303,A69-1303-23281
19529,A69-1303,A69-1303-19529
19539,A69-1303,A69-1303-19539
22655,A69-1303,A69-1303-22655
19531,A69-1303,A69-1303-19531
19537,A69-1303,A69-1303-19537
22725,A69-1303,A69-1303-22725
22758,A69-1303,A69-1303-22758
22770,A69-1303,A69-1303-22770
22790,A69-1303,A69-1303-22790
22678,A69-1303,A69-1303-22678
22651,A69-1303,A69-1303-22651
22809,A69-1303,A69-1303-22809
22714,A69-1303,A69-1303-22714
22750,A69-1303,A69-1303-22750
22766,A69-1303,A69-1303-22766
22786,A69-1303,A69-1303-22786
22679,A69-1303,A69-1303-22679
19532,A69-1303,A69-1303-19532
23280,A69-1303,A69-1303-23280
22726,A69-1303,A69-1303-22726
22702,A69-1303,A69-1303-22702
22812,A69-1303,A69-1303-22812
22689,A69-1303,A69-1303-22689
22661,A69-1303,A69-1303-22661
22775,A69-1303,A69-1303-22775
22810,A69-1303,A69-1303-22810
22706,A69-1303,A69-1303-22706
22791,A69-1303,A69-1303-22791
22769,A69-1303,A69-1303-22769
19541,A69-1303,A69-1303-19541
22670,A69-1303,A69-1303-22670
22807,A69-1303,A69-1303-22807
19527,A69-1303,A69-1303-19527
22819,A69-1303,A69-1303-22819
22821,A69-1303,A69-1303-22821
22724,A69-1303,A69-1303-22724
2880,A69-1204,A69-1204-2880
2875,A69-1204,A69-1204-2875
2877,A69-1204,A69-1204-2877
2878,A69-1204,A69-1204-2878
2879,A69-1204,A69-1204-2879
2883,A69-1204,A69-1204-2883
2885,A69-1204,A69-1204-2885
2886,A69-1204,A69-1204-2886
2887,A69-1204,A69-1204-2887
2888,A69-1204,A69-1204-2888
2889,A69-1204,A69-1204-2889
2891,A69-1204,A69-1204-2891
56383,A69-1303,A69-1303-56383
56386,A69-1303,A69-1303-56386
56387,A69-1303,A69-1303-56387
56390,A69-1303,A69-1303-56390
56362,A69-1303,A69-1303-56362
56392,A69-1303,A69-1303-56392
56366,A69-1303,A69-1303-56366
56367,A69-1303,A69-1303-56367
56368,A69-1303,A69-1303-56368
56369,A69-1303,A69-1303-56369
56370,A69-1303,A69-1303-56370
56371,A69-1303,A69-1303-56371
56372,A69-1303,A69-1303-56372
56373,A69-1303,A69-1303-56373
56375,A69-1303,A69-1303-56375
56376,A69-1303,A69-1303-56376
56377,A69-1303,A69-1303-56377
56378,A69-1303,A69-1303-56378
56379,A69-1303,A69-1303-56379
56380,A69-1303,A69-1303-56380
56381,A69-1303,A69-1303-56381
56382,A69-1303,A69-1303-56382
56384,A69-1303,A69-1303-56384
56385,A69-1303,A69-1303-56385
56388,A69-1303,A69-1303-56388
56389,A69-1303,A69-1303-56389
56391,A69-1303,A69-1303-56391
14164,A69-1303,A69-1303-14164
14163,A69-1303,A69-1303-14163
1009,A180-1306,A180-1306-1009
14162,A69-1303,A69-1303-14162
1006,A180-1306,A180-1306-1006
14152,A69-1303,A69-1303-14152
14165,A69-1303,A69-1303-14165
14155,A69-1303,A69-1303-14155
14166,A69-1303,A69-1303-14166
14156,A69-1303,A69-1303-14156
14154,A69-1303,A69-1303-14154
1001,A180-1306,A180-1306-1001
1003,A180-1306,A180-1306-1003
1004,A180-1306,A180-1306-1004
1002,A180-1306,A180-1306-1002
14157,A69-1303,A69-1303-14157
14161,A69-1303,A69-1303-14161
14171,A69-1303,A69-1303-14171
14158,A69-1303,A69-1303-14158
10553,A69-1303,A69-1303-10553
10556,A69-1303,A69-1303-10556
10560,A69-1303,A69-1303-10560
10561,A69-1303,A69-1303-10561
